name,price,url
Подвесной светильник Сансет Black,5990,https://www.divan.ru/product/podvesnoj-svetilnik-sanset-black
Торшер Билли Black,19 690,https://www.divan.ru/product/torsher-billi-black
Подвесной светильник Бабл-9,19 990,https://www.divan.ru/product/podvesnoj-svetilnik-babl-9
Торшер Бабл-1,6990,https://www.divan.ru/product/torsher-babl-1
Подвесной светильник Бабл-3,6990,https://www.divan.ru/product/podvesnoj-svetilnik-babl-3
Бра Бабл Black,1990,https://www.divan.ru/product/bra-babl-black
Настольная лампа Дэнди Black,3990,https://www.divan.ru/product/nastolnaya-lampa-dendi-black
Настольная лампа Дэнди White,3990,https://www.divan.ru/product/nastolnaya-lampa-dendi-white
Торшер Варио White,5990,https://www.divan.ru/product/torsher-vario-white
Бра Варио Black,1490,https://www.divan.ru/product/bra-vario-black
Бра Варио White,1490,https://www.divan.ru/product/bra-vario-white
Подвесной светильник Сансет White,5990,https://www.divan.ru/product/podvesnoj-svetilnik-sanset-white
Подвесной светильник Кэндел Black,3990,https://www.divan.ru/product/podvesnoj-svetilnik-kendel-black
Подвесной светильник Кэндел White,3990,https://www.divan.ru/product/podvesnoj-svetilnik-kendel-white
Настольная лампа Гровер Glass,5990,https://www.divan.ru/product/nastolnaya-lampa-grover-glass
Настольная лампа Рэй Black,3590,https://www.divan.ru/product/nastolnaya-lampa-rej-black
Торшер Рэй White,5590,https://www.divan.ru/product/torsher-rej-white
Торшер Мун Black,8990,https://www.divan.ru/product/torsher-mun-black
Торшер Варио Black,5990,https://www.divan.ru/product/torsher-vario-black
Настольная лампа Раффи Round,7190,https://www.divan.ru/product/nastolnaya-lampa-raffi-round
Торшер Гросс White,7990,https://www.divan.ru/product/torsher-gross-white
Бра Moderli Alina,3190,https://www.divan.ru/product/bra-moderli-alina
Подвесной светильник Маро Green,9990,https://www.divan.ru/product/podvesnoj-svetilnik-maro-green
Настольная лампа Машрум Grey,4590,https://www.divan.ru/product/nastolnaya-lampa-mashrum-grey
Настольная лампа Рэй White,3590,https://www.divan.ru/product/nastolnaya-lampa-rej-white
Светильник потолочный Matthew,5690,https://www.divan.ru/product/svetilnik-potolochnyj-matthew
Спот Лайт-1 Black,2690,https://www.divan.ru/product/spot-lajt-1-black
Настольная лампа Сфера Black,5390,https://www.divan.ru/product/nastolnaya-lampa-sfera-black
Люстра Монти-3 White,11 490,https://www.divan.ru/product/lyustra-monti-3-white
Бра Galdakao-1,6590,https://www.divan.ru/product/bra-galdakao
Подвесной светильник Tureis,3890,https://www.divan.ru/product/podvesnoj-svetilnik-tureis
Люстра Монти-5 White,17 190,https://www.divan.ru/product/lyustra-monti-5-white
Подвесной светильник Лиму-3 Black,5590,https://www.divan.ru/product/podvesnoj-svetilnik-limu-3-black
Торшер Билли White,19 690,https://www.divan.ru/product/torsher-billi-white
Бра Cornus Silver,5590,https://www.divan.ru/product/bra-cornus-silver
Спот Олден Brown,1090,https://www.divan.ru/product/spot-olden-brown
Бра Куб White,2190,https://www.divan.ru/product/bra-kub-white
Подвесной светильник Volare,4590,https://www.divan.ru/product/podvesnoj-svetilnik-volare
Ландшафтный светильник Визор Black,4490,https://www.divan.ru/product/landshaftnyj-svetilnik-vizor-black
Бра Bolla-Unica,5290,https://www.divan.ru/product/bra-bolla-unica
Люстра Леон-5 Black,11 290,https://www.divan.ru/product/lyustra-leon-5-black
Настольная лампа Мист Black,5590,https://www.divan.ru/product/nastolnaya-lampa-mist-black
Настольная лампа Palla Grey,13 590,https://www.divan.ru/product/nastolnaya-lampa-palla-grey
Подвесной светильник Фаро-3 White,6490,https://www.divan.ru/product/podvesnoj-svetilnik-faro-3-white
Люстра Нейва-4 Black,6790,https://www.divan.ru/product/lyustra-nejva-4-black
Люстра Альби-6 Black,4690,https://www.divan.ru/product/lyustra-albi-6-black
Бра Лима Black,2390,https://www.divan.ru/product/bra-lima-black
Бра Техно Стрикт-2 Black,2290,https://www.divan.ru/product/bra-tehno-strikt-2-black
Бра Lithops-2 Black,2690,https://www.divan.ru/product/bra-lithops-2-black
Бра Донатори Black,5590,https://www.divan.ru/product/bra-donatori-black
Настольная лампа Moderli Suspent,3190,https://www.divan.ru/product/nastolnaya-lampa-moderli-suspent
Торшер Moderli Floor White,5990,https://www.divan.ru/product/torsher-moderli-floor-white
Настольная лампа Белларива Cream,2690,https://www.divan.ru/product/nastolnaya-lampa-bellariva-cream
Бра Белфаст Single,4090,https://www.divan.ru/product/bra-belfast-single
Бра Фаро Black,2890,https://www.divan.ru/product/bra-faro-black
Ландшафтный светильник Белград Black,10 990,https://www.divan.ru/product/landshaftnyj-svetilnik-belgrad-black
Торшер Moderli Suspent,6490,https://www.divan.ru/product/torsher-moderli-suspent
Светильник потолочный Атрани Black,5190,https://www.divan.ru/product/svetilnik-potolochnyj-atrani-black
Подвесной светильник Сфера-1 Black,4990,https://www.divan.ru/product/podvesnoj-svetilnik-sfera-1-black
Бра Техно Стрикт-2 Grey,2290,https://www.divan.ru/product/bra-tehno-strikt-2-grey
Подвесной светильник Narices-1,30 290,https://www.divan.ru/product/podvesnoj-svetilnik-narices-1
Бра Куб Black,2190,https://www.divan.ru/product/bra-kub-black
Подвесной светильник Алсагер Grey Felt,10 090,https://www.divan.ru/product/podvesnoj-svetilnik-alsager-grey-felt
Настольная лампа Маннера Grey,6990,https://www.divan.ru/product/nastolnaya-lampa-mannera-grey
Светильник потолочный Банджи White,8390,https://www.divan.ru/product/svetilnik-potolochnyj-bandji-white
Подвесной светильник Moderli Lewes,14 690,https://www.divan.ru/product/podvesnoj-svetilnik-moderli-lewes
Подвесной светильник Robinia Gold,9990,https://www.divan.ru/product/podvesnoj-svetilnik-robinia-gold
Настольная лампа Ньютаун Black,3790,https://www.divan.ru/product/nastolnaya-lampa-nyutaun-black
Люстра Леон-3 Black,7590,https://www.divan.ru/product/lyustra-leon-3-black
Бра Cornus White,5290,https://www.divan.ru/product/bra-cornus-white
Ландшафтный светильник Техно-1 Black,6690,https://www.divan.ru/product/landshaftnyj-svetilnik-tehno-1-black
Ландшафтный светильник Равелло-1 Black,6990,https://www.divan.ru/product/landshaftnyj-svetilnik-ravello-1-black
Торшер Токио Grey,27 790,https://www.divan.ru/product/torsher-tokio-black
Бра Равелло Black,5890,https://www.divan.ru/product/bra-ravello-black
Бра Сирмион Black,4950,https://www.divan.ru/product/bra-sirmion-black
Подвесной светильник Минки-2 White,2490,https://www.divan.ru/product/podvesnoj-svetilnik-minki-2-white
Подвесной светильник Талли Black,7190,https://www.divan.ru/product/podvesnoj-svetilnik-talli-black
Спот Лайт-1 White,2690,https://www.divan.ru/product/spot-lajt-1-white
Спот Лиманж-2 Black,4490,https://www.divan.ru/product/spot-limanj-2-black
Настольная лампа Альби White,1590,https://www.divan.ru/product/nastolnaya-lampa-albi-white
Подвесной светильник Полярик Silver,6890,https://www.divan.ru/product/podvesnoj-svetilnik-polyarik-silver
Ландшафтный светильник Равелло-2 Black,11 990,https://www.divan.ru/product/landshaftnyj-svetilnik-ravello-2-black
Ландшафтный светильник Талли Black,12 790,https://www.divan.ru/product/landshaftnyj-svetilnik-talli-black
Подвесной светильник Нести White,6190,https://www.divan.ru/product/podvesnoj-svetilnik-nesti-white
Подвесной светильник Гермес Black,6390,https://www.divan.ru/product/podvesnoj-svetilnik-germes-black
Ландшафтный светильник Элси-1 Black,890,https://www.divan.ru/product/landshaftnyj-svetilnik-elsi-1-black
Подвесной светильник Снэки-5 Grey,7790,https://www.divan.ru/product/podvesnoj-svetilnik-sneki-5-grey
Бра Nevy Silver,8690,https://www.divan.ru/product/bra-nevy-silver
Подвесной светильник Ройл Black,6790,https://www.divan.ru/product/podvesnoj-svetilnik-rojl-black
Светильник потолочный Лима-1 Black,2650,https://www.divan.ru/product/svetilnik-potolochnyj-lima-1-black
Подвесной светильник Priddy,9890,https://www.divan.ru/product/podvesnoj-svetilnik-priddy
Торшер Moderli Birds-1,15 490,https://www.divan.ru/product/torsher-moderli-birds-1
Ландшафтный светильник Техно-2 Black,5990,https://www.divan.ru/product/landshaftnyj-svetilnik-tehno-2-black
Настольная лампа Алсагер Grey Felt,6790,https://www.divan.ru/product/nastolnaya-lampa-alsager-grey-felt
Люстра Альби-5 Black,6490,https://www.divan.ru/product/lyustra-albi-5-black
Бра Твинки Black,3390,https://www.divan.ru/product/bra-tvinki-black
Торшер Moderli Birds-3,26 490,https://www.divan.ru/product/torsher-moderli-birds-3
Торшер Moderli Floor Black,5790,https://www.divan.ru/product/torsher-moderli-floor-black
Подвесной светильник Телос White,3090,https://www.divan.ru/product/podvesnoj-svetilnik-telos-white
Спот Лайт-1 Grey,2690,https://www.divan.ru/product/spot-lajt-1-grey
Спот Лайт-2 White,3690,https://www.divan.ru/product/spot-lajt-2-white
Бра Элси Black,890,https://www.divan.ru/product/bra-elsi-black
Подвесной светильник Ньютаун-1 Black,11 490,https://www.divan.ru/product/podvesnoj-svetilnik-nyutaun-1-black
Подвесной светильник Moderli Alina,11 990,https://www.divan.ru/product/podvesnoj-svetilnik-moderli-alina
Светильник потолочный Элси Black,890,https://www.divan.ru/product/svetilnik-potolochnyj-elsi-black
Торшер Токио Beige,36 890,https://www.divan.ru/product/torsher-tokio-beige
Люстра Пиллар-6 Black,12 690,https://www.divan.ru/product/lyustra-pillar-6-black
Настольная лампа Маннера Beige,6990,https://www.divan.ru/product/nastolnaya-lampa-mannera-beige
Торшер Moderli Birds-2,22 990,https://www.divan.ru/product/torsher-moderli-birds-2
Подвесной светильник Маро Green-3,25 590,https://www.divan.ru/product/podvesnoj-svetilnik-maro-green-3
Бра Ройл Black,6890,https://www.divan.ru/product/bra-rojl-black
Ландшафтный светильник Стамбул-2 Black,10 090,https://www.divan.ru/product/landshaftnyj-svetilnik-stambul-2-black
Светильник потолочный Белфаст Black,5690,https://www.divan.ru/product/svetilnik-potolochnyj-belfast-black
Бра Pinocchio,7990,https://www.divan.ru/product/bra-pinocchio
Бра Твинки White,3390,https://www.divan.ru/product/bra-tvinki-white
Торшер Юта Beige,29 990,https://www.divan.ru/product/torsher-yuta-beige
Ландшафтный светильник Стамбул-1 Black,5290,https://www.divan.ru/product/landshaftnyj-svetilnik-stambul-1-black
Люстра Фаро-5 Black,12 290,https://www.divan.ru/product/lyustra-faro-5-black
Подвесной светильник Moderli Host-1,5490,https://www.divan.ru/product/podvesnoj-svetilnik-moderli-host-1
Бра Брик White,3890,https://www.divan.ru/product/bra-brik-white
Ландшафтный светильник Ройл Black,13 490,https://www.divan.ru/product/landshaftnyj-svetilnik-rojl-black
Бра Атрани Black,5490,https://www.divan.ru/product/bra-atrani-black
Фонарь Ройл Black,5990,https://www.divan.ru/product/fonar-rojl-black
Подвесной светильник Narices,10 690,https://www.divan.ru/product/podvesnoj-svetilnik-narices
Люстра Альби-3 Black,4890,https://www.divan.ru/product/lyustra-albi-3-black
Бра Moderli Birds-2,13 290,https://www.divan.ru/product/bra-moderli-birds-2
Торшер Pinocchio,16 090,https://www.divan.ru/product/torsher-pinocchio
Подвесной светильник Даклин Red,3990,https://www.divan.ru/product/podvesnoj-svetilnik-daklin-red
Люстра Джеоми White,13 090,https://www.divan.ru/product/lyustra-djeomi-white
Бра Visuale,2890,https://www.divan.ru/product/bra-visuale
Бра Сфера-1 Black,5590,https://www.divan.ru/product/bra-sfera-1-black
Подвесной светильник Moderli Brizzi-2,7090,https://www.divan.ru/product/podvesnoj-svetilnik-moderli-brizzi-2
Ландшафтный светильник Лэндскейп Black,4590,https://www.divan.ru/product/landshaftnyj-svetilnik-lendskejp-black
Подвесной светильник Эллис-3 Black,5590,https://www.divan.ru/product/podvesnoj-svetilnik-ellis-3-black
Бра Талли Black,7990,https://www.divan.ru/product/bra-talli-black
Бра Метрополис Brown,5990,https://www.divan.ru/product/bra-metropolis-brown
Ландшафтный светильник Донатори-2 Black,9890,https://www.divan.ru/product/landshaftnyj-svetilnik-donatori-2-black
Бра Техно Стрикт-1 Grey,3290,https://www.divan.ru/product/bra-tehno-strikt-1-grey
Подвесной светильник Минки-1 Black,2990,https://www.divan.ru/product/podvesnoj-svetilnik-minki-1-black
Бра Техно Стрикт-2 White,1190,https://www.divan.ru/product/bra-tehno-strikt-2-white
Ландшафтный светильник Хассалех Black,9090,https://www.divan.ru/product/landshaftnyj-svetilnik-hassaleh-black
Подвесной светильник Нести Black,6190,https://www.divan.ru/product/podvesnoj-svetilnik-nesti-black
Бра Техно-2 Black,3290,https://www.divan.ru/product/bra-tehno-2-black
Бра Леон Black,2290,https://www.divan.ru/product/bra-leon-black
Светильник потолочный Линг Black,6190,https://www.divan.ru/product/svetilnik-potolochnyj-ling-black
Бра Техно-1 Black,3190,https://www.divan.ru/product/bra-tehno-1-black
Ландшафтный светильник Белфаст Black,6690,https://www.divan.ru/product/landshaftnyj-svetilnik-belfast-black
Настольная лампа Moderli Birds-1,9090,https://www.divan.ru/product/nastolnaya-lampa-moderli-birds-1
Ландшафтный светильник Донатори-1 Black,6390,https://www.divan.ru/product/landshaftnyj-svetilnik-donatori-1-black
Бра Леон-1 Black,2590,https://www.divan.ru/product/bra-leon-1-black
Бра Caffer Black,3990,https://www.divan.ru/product/bra-caffer-black
Торшер Ньютаун Black,15 190,https://www.divan.ru/product/torsher-nyutaun-black
Люстра Лорето-10 Black,21 390,https://www.divan.ru/product/lyustra-loreto-10-black
Подвесной светильник Фаро White,5490,https://www.divan.ru/product/podvesnoj-svetilnik-faro-white
Торшер Токио White,34 990,https://www.divan.ru/product/torsher-tokio-white
Подвесной светильник Хоул Grey,3890,https://www.divan.ru/product/podvesnoj-svetilnik-houl-grey
Подвесной светильник Снэки Brown,2690,https://www.divan.ru/product/podvesnoj-svetilnik-sneki-brown
Люстра Кито-5 Black,7990,https://www.divan.ru/product/lyustra-kito-5-black
Люстра Белиз-12 Bronz,13 490,https://www.divan.ru/product/lyustra-beliz-12-bronz
Бра Мостар White,4190,https://www.divan.ru/product/bra-mostar-white
Спот Лима-2 Black,5190,https://www.divan.ru/product/spot-lima-2-black
Подвесной светильник Хоул Brown,2590,https://www.divan.ru/product/podvesnoj-svetilnik-houl-brown
Ландшафтный светильник Метрополис-1 Brown,8390,https://www.divan.ru/product/landshaftnyj-svetilnik-metropolis-1-brown
Бра Tarbes-2,3390,https://www.divan.ru/product/bra-tarbes-2
Бра Белфаст Double,5290,https://www.divan.ru/product/bra-belfast-double
Бра Lubenham,8790,https://www.divan.ru/product/bra-lubenham
Подвесной светильник Дейл-3 Brown,8290,https://www.divan.ru/product/podvesnoj-svetilnik-dejl-3-brown
Подвесной светильник Стеллато-1 Wood,8790,https://www.divan.ru/product/podvesnoj-svetilnik-stellato-1-wood
